{
	"background": {
		"path": "images/background.png",
		"tilesize": [ 1782, 600 ],
		"tilecount": 1,
		"repeated": 1
	},
	"alien basic transport": {
		"path": "images/basic-transport.png",
		"tilesize": [ 160, 172 ],
		"tilecount": 1
	},
	"alien elite transport": {
		"path": "images/elite-transport.png",
		"tilesize": [ 236, 170 ],
		"tilecount": 1
	},
	"alien bomber": {
		"path": "images/bomber.png",
		"tilesize": [ 236, 182 ],
		"tilecount": 1
	},
	"alien command ship": {
		"path": "images/command-ship.png",
		"tilesize": [ 400, 239 ],
		"tilecount": 1
	},
	"alien mother ship": {
		"path": "images/mother-ship.png",
		"tilesize": [ 400, 350 ],
		"tilecount": 1
	},
	"alien basic transport outline": {
		"path": "images/basic-transport-outline.png",
		"tilesize": [ 160, 172 ],
		"tilecount": 1
	},
	"alien elite transport outline": {
		"path": "images/elite-transport-outline.png",
		"tilesize": [ 236, 170 ],
		"tilecount": 1
	},
	"alien bomber outline": {
		"path": "images/bomber-outline.png",
		"tilesize": [ 236, 182 ],
		"tilecount": 1
	},
	"alien bomb outline": {
		"path": "images/bomb-outline.png",
		"tilesize": [ 120, 120 ],
		"tilecount": 1
	},
	"alien command ship outline": {
		"path": "images/command-ship-outline.png",
		"tilesize": [ 400, 239 ],
		"tilecount": 1
	},
	"alien mother ship outline": {
		"path": "images/mother-ship-outline.png",
		"tilesize": [ 400, 350 ],
		"tilecount": 1
	},
	"alien bomb": {
		"path": "images/bomb.png",
		"tilesize": [ 120, 120 ],
		"tilecount": 1
	},
	"explosion": {
		"path": "images/explosion.png",
		"tilesize": [ 256, 256 ],
		"tilecount": 48
	},
	"city shield": {
		"path": "images/city-shield.png",
		"tilesize": [393, 269],
		"tilecount": 1
	},
	"city full 1": {
		"path": "images/city-full-1.png",
		"tilesize": [364, 249],
		"tilenumber": 1
	},
	"city full 2": {
		"path": "images/city-full-2.png",
		"tilesize": [347, 239],
		"tilenumber": 1
	},
	"city full 3": {
		"path": "images/city-full-3.png",
		"tilesize": [341, 208],
		"tilenumber": 1
	},
	"city middle 1": {
		"path": "images/city-middle-1.png",
		"tilesize": [352, 172],
		"tilenumber": 1
	},
	"city middle 2": {
		"path": "images/city-middle-2.png",
		"tilesize": [294, 135],
		"tilenumber": 1
	},
	"city middle 3": {
		"path": "images/city-middle-3.png",
		"tilesize": [334, 169],
		"tilenumber": 1
	},
	"city ruined 1": {
		"path": "images/city-ruined-1.png",
		"tilesize": [286, 152],
		"tilenumber": 1
	},
	"city ruined 2": {
		"path": "images/city-ruined-2.png",
		"tilesize": [262, 125],
		"tilenumber": 1
	},
	"city ruined 3": {
		"path": "images/city-ruined-3.png",
		"tilesize": [288, 151],
		"tilenumber": 1
	},
	"fire": {
		"path": "images/fire.png",
		"tilesize": [81, 123],
		"tilecount": 40
	}
}
